prarambh,-1003321762542,222,,2026-02-19T11:39:12+00:00,1060
prarambh,-1003321762542,221,,2026-02-19T11:39:11+00:00,995
prarambh,-1003321762542,220,,2026-02-19T11:39:10+00:00,1031
prarambh,-1003321762542,219,,2026-02-19T11:39:06+00:00,999
prarambh,-1003321762542,218,,2026-02-19T11:39:05+00:00,1048
prarambh,-1003321762542,217,,2026-02-19T11:39:04+00:00,1041
prarambh,-1003321762542,216,,2026-02-19T11:39:03+00:00,1026
prarambh,-1003321762542,215,,2026-02-19T11:39:03+00:00,909
prarambh,-1003321762542,212,,2026-02-16T11:41:56+00:00,1049
prarambh,-1003321762542,211,,2026-02-16T11:41:55+00:00,1017
prarambh,-1003321762542,210,,2026-02-16T11:41:55+00:00,1070
prarambh,-1003321762542,209,,2026-02-16T11:41:51+00:00,997
prarambh,-1003321762542,208,,2026-02-16T11:41:50+00:00,973
prarambh,-1003321762542,207,,2026-02-16T11:41:49+00:00,986
prarambh,-1003321762542,206,,2026-02-16T11:41:48+00:00,979
prarambh,-1003321762542,205,,2026-02-16T11:41:47+00:00,986
prarambh,-1003321762542,202,,2026-02-12T11:41:09+00:00,1063
prarambh,-1003321762542,201,,2026-02-12T11:41:08+00:00,1057
prarambh,-1003321762542,200,,2026-02-12T11:41:04+00:00,1101
prarambh,-1003321762542,199,,2026-02-12T11:41:04+00:00,1080
prarambh,-1003321762542,198,,2026-02-12T11:41:03+00:00,1142
prarambh,-1003321762542,197,,2026-02-12T11:41:02+00:00,1112
prarambh,-1003321762542,196,,2026-02-12T11:41:02+00:00,1156
prarambh,-1003321762542,193,,2026-02-09T11:46:45+00:00,1184
prarambh,-1003321762542,192,,2026-02-09T11:46:45+00:00,1193
prarambh,-1003321762542,191,,2026-02-09T11:46:41+00:00,1145
prarambh,-1003321762542,190,,2026-02-09T11:46:40+00:00,1129
prarambh,-1003321762542,189,,2026-02-09T11:46:40+00:00,1129
prarambh,-1003321762542,188,,2026-02-09T11:46:39+00:00,1102
prarambh,-1003321762542,187,,2026-02-09T11:46:38+00:00,1075
prarambh,-1003321762542,185,,2026-02-05T11:36:42+00:00,1200
prarambh,-1003321762542,184,,2026-02-05T11:36:41+00:00,1127
prarambh,-1003321762542,183,,2026-02-05T11:36:37+00:00,1181
prarambh,-1003321762542,182,,2026-02-05T11:36:37+00:00,1109
prarambh,-1003321762542,181,,2026-02-05T11:36:36+00:00,1201
prarambh,-1003321762542,180,,2026-02-05T11:36:35+00:00,1086
prarambh,-1003321762542,179,,2026-02-05T11:36:34+00:00,1154
prarambh,-1003321762542,178,,2026-02-02T11:36:50+00:00,1234
prarambh,-1003321762542,177,,2026-02-02T11:36:50+00:00,1256
prarambh,-1003321762542,176,,2026-02-02T11:36:46+00:00,1202
prarambh,-1003321762542,175,,2026-02-02T11:36:45+00:00,1199
prarambh,-1003321762542,174,,2026-02-02T11:36:45+00:00,1244
prarambh,-1003321762542,173,,2026-02-02T11:36:44+00:00,1281
prarambh,-1003321762542,172,,2026-02-02T11:36:43+00:00,1216
prarambh,-1003321762542,171,,2026-01-29T11:32:46+00:00,1323
prarambh,-1003321762542,170,,2026-01-29T11:32:46+00:00,1294
prarambh,-1003321762542,169,,2026-01-29T11:32:42+00:00,1278
prarambh,-1003321762542,168,,2026-01-29T11:32:41+00:00,1309
prarambh,-1003321762542,167,,2026-01-29T11:32:41+00:00,1282
prarambh,-1003321762542,166,,2026-01-29T11:32:40+00:00,1279
prarambh,-1003321762542,165,,2026-01-29T11:32:40+00:00,1284
prarambh,-1003321762542,163,,2026-01-26T11:22:47+00:00,1355
prarambh,-1003321762542,162,,2026-01-26T11:22:46+00:00,1336
prarambh,-1003321762542,161,,2026-01-26T11:22:42+00:00,1308
prarambh,-1003321762542,160,,2026-01-26T11:22:42+00:00,1216
prarambh,-1003321762542,159,,2026-01-26T11:22:41+00:00,1268
prarambh,-1003321762542,158,,2026-01-26T11:22:40+00:00,1221
prarambh,-1003321762542,157,,2026-01-26T11:22:40+00:00,1285
prarambh,-1003321762542,155,,2026-01-22T11:24:49+00:00,1451
prarambh,-1003321762542,154,,2026-01-22T11:24:48+00:00,1332
prarambh,-1003321762542,153,,2026-01-22T11:24:44+00:00,1283
prarambh,-1003321762542,152,,2026-01-22T11:24:43+00:00,1325
prarambh,-1003321762542,151,,2026-01-22T11:24:43+00:00,1376
prarambh,-1003321762542,150,,2026-01-22T11:24:42+00:00,1382
prarambh,-1003321762542,149,,2026-01-22T11:24:41+00:00,1331
prarambh,-1003321762542,148,,2026-01-19T11:23:20+00:00,1483
prarambh,-1003321762542,147,,2026-01-19T11:23:19+00:00,1480
prarambh,-1003321762542,146,,2026-01-19T11:23:15+00:00,1475
prarambh,-1003321762542,145,,2026-01-19T11:23:15+00:00,1471
prarambh,-1003321762542,144,,2026-01-19T11:23:14+00:00,1455
prarambh,-1003321762542,143,,2026-01-19T11:23:13+00:00,1498
prarambh,-1003321762542,142,,2026-01-19T11:23:13+00:00,1491
prarambh,-1003321762542,141,,2026-01-15T11:22:13+00:00,1547
prarambh,-1003321762542,140,,2026-01-15T11:22:12+00:00,1520
prarambh,-1003321762542,139,,2026-01-15T11:22:08+00:00,1523
prarambh,-1003321762542,138,,2026-01-15T11:22:08+00:00,1476
prarambh,-1003321762542,137,,2026-01-15T11:22:07+00:00,1498
prarambh,-1003321762542,136,,2026-01-15T11:22:06+00:00,1473
prarambh,-1003321762542,135,,2026-01-15T11:22:05+00:00,1537
prarambh,-1003321762542,134,,2026-01-12T11:22:42+00:00,1500
prarambh,-1003321762542,133,,2026-01-12T11:22:41+00:00,1521
prarambh,-1003321762542,132,,2026-01-12T11:22:37+00:00,1506
prarambh,-1003321762542,131,,2026-01-12T11:22:37+00:00,1577
prarambh,-1003321762542,130,,2026-01-12T11:22:36+00:00,1590
prarambh,-1003321762542,129,,2026-01-12T11:22:35+00:00,1582
prarambh,-1003321762542,128,,2026-01-12T11:22:34+00:00,1597
prarambh,-1003321762542,127,,2026-01-08T11:22:49+00:00,1683
prarambh,-1003321762542,126,,2026-01-08T11:22:48+00:00,1686
prarambh,-1003321762542,125,,2026-01-08T11:22:45+00:00,1686
prarambh,-1003321762542,124,,2026-01-08T11:22:44+00:00,1729
prarambh,-1003321762542,123,,2026-01-08T11:22:44+00:00,1757
prarambh,-1003321762542,122,,2026-01-08T11:22:43+00:00,1767
prarambh,-1003321762542,121,,2026-01-08T11:22:42+00:00,1784
prarambh,-1003321762542,120,,2026-01-05T11:21:31+00:00,1826
prarambh,-1003321762542,119,,2026-01-05T11:21:30+00:00,1832
prarambh,-1003321762542,118,,2026-01-05T11:21:26+00:00,1857
prarambh,-1003321762542,117,,2026-01-05T11:21:26+00:00,1921
prarambh,-1003321762542,116,,2026-01-05T11:21:25+00:00,1960
prarambh,-1003321762542,115,,2026-01-05T11:21:24+00:00,1966
prarambh,-1003321762542,114,,2026-01-05T11:21:23+00:00,1989
parichay,-1003404539281,200,,2026-02-19T11:39:12+00:00,638
parichay,-1003404539281,199,,2026-02-19T11:39:11+00:00,627
parichay,-1003404539281,198,,2026-02-19T11:39:10+00:00,639
parichay,-1003404539281,197,,2026-02-19T11:39:06+00:00,625
parichay,-1003404539281,196,,2026-02-19T11:39:05+00:00,604
parichay,-1003404539281,195,,2026-02-19T11:39:04+00:00,600
parichay,-1003404539281,194,,2026-02-19T11:39:03+00:00,618
parichay,-1003404539281,193,,2026-02-19T11:39:03+00:00,598
parichay,-1003404539281,190,,2026-02-16T11:41:56+00:00,636
parichay,-1003404539281,189,,2026-02-16T11:41:56+00:00,638
parichay,-1003404539281,188,,2026-02-16T11:41:55+00:00,626
parichay,-1003404539281,187,,2026-02-16T11:41:51+00:00,622
parichay,-1003404539281,186,,2026-02-16T11:41:50+00:00,627
parichay,-1003404539281,185,,2026-02-16T11:41:49+00:00,640
parichay,-1003404539281,184,,2026-02-16T11:41:48+00:00,624
parichay,-1003404539281,183,,2026-02-16T11:41:47+00:00,624
parichay,-1003404539281,180,,2026-02-12T11:41:09+00:00,669
parichay,-1003404539281,179,,2026-02-12T11:41:08+00:00,661
parichay,-1003404539281,178,,2026-02-12T11:41:04+00:00,652
parichay,-1003404539281,177,,2026-02-12T11:41:04+00:00,661
parichay,-1003404539281,176,,2026-02-12T11:41:03+00:00,650
parichay,-1003404539281,175,,2026-02-12T11:41:02+00:00,663
parichay,-1003404539281,174,,2026-02-12T11:41:02+00:00,656
parichay,-1003404539281,171,,2026-02-09T11:46:45+00:00,669
parichay,-1003404539281,170,,2026-02-09T11:46:45+00:00,619
parichay,-1003404539281,169,,2026-02-09T11:46:41+00:00,664
parichay,-1003404539281,168,,2026-02-09T11:46:40+00:00,677
parichay,-1003404539281,167,,2026-02-09T11:46:40+00:00,672
parichay,-1003404539281,166,,2026-02-09T11:46:39+00:00,666
parichay,-1003404539281,165,,2026-02-09T11:46:38+00:00,663
parichay,-1003404539281,162,,2026-02-05T11:36:42+00:00,696
parichay,-1003404539281,161,,2026-02-05T11:36:41+00:00,640
parichay,-1003404539281,160,,2026-02-05T11:36:37+00:00,667
parichay,-1003404539281,159,,2026-02-05T11:36:37+00:00,683
parichay,-1003404539281,158,,2026-02-05T11:36:36+00:00,369
parichay,-1003404539281,157,,2026-02-05T11:36:35+00:00,677
parichay,-1003404539281,156,,2026-02-05T11:36:34+00:00,672
parichay,-1003404539281,155,,2026-02-02T11:36:50+00:00,707
parichay,-1003404539281,154,,2026-02-02T11:36:50+00:00,682
parichay,-1003404539281,153,,2026-02-02T11:36:46+00:00,688
parichay,-1003404539281,152,,2026-02-02T11:36:45+00:00,679
parichay,-1003404539281,151,,2026-02-02T11:36:45+00:00,681
parichay,-1003404539281,150,,2026-02-02T11:36:44+00:00,688
parichay,-1003404539281,149,,2026-02-02T11:36:43+00:00,676
parichay,-1003404539281,148,,2026-01-29T11:32:46+00:00,731
parichay,-1003404539281,147,,2026-01-29T11:32:46+00:00,707
parichay,-1003404539281,146,,2026-01-29T11:32:42+00:00,730
parichay,-1003404539281,145,,2026-01-29T11:32:42+00:00,721
parichay,-1003404539281,144,,2026-01-29T11:32:41+00:00,739
parichay,-1003404539281,143,,2026-01-29T11:32:40+00:00,720
parichay,-1003404539281,142,,2026-01-29T11:32:40+00:00,719
parichay,-1003404539281,140,,2026-01-26T11:22:47+00:00,729
parichay,-1003404539281,139,,2026-01-26T11:22:46+00:00,730
parichay,-1003404539281,138,,2026-01-26T11:22:42+00:00,730
parichay,-1003404539281,137,,2026-01-26T11:22:42+00:00,717
parichay,-1003404539281,136,,2026-01-26T11:22:41+00:00,734
parichay,-1003404539281,135,,2026-01-26T11:22:40+00:00,706
parichay,-1003404539281,134,,2026-01-26T11:22:40+00:00,722
parichay,-1003404539281,132,,2026-01-22T11:24:48+00:00,771
parichay,-1003404539281,131,,2026-01-22T11:24:48+00:00,772
parichay,-1003404539281,130,,2026-01-22T11:24:44+00:00,803
parichay,-1003404539281,129,,2026-01-22T11:24:43+00:00,768
parichay,-1003404539281,128,,2026-01-22T11:24:43+00:00,728
parichay,-1003404539281,127,,2026-01-22T11:24:42+00:00,707
parichay,-1003404539281,126,,2026-01-22T11:24:41+00:00,721
parichay,-1003404539281,125,,2026-01-19T11:23:19+00:00,789
parichay,-1003404539281,124,,2026-01-19T11:23:19+00:00,769
parichay,-1003404539281,123,,2026-01-19T11:23:15+00:00,751
parichay,-1003404539281,122,,2026-01-19T11:23:15+00:00,725
parichay,-1003404539281,121,,2026-01-19T11:23:14+00:00,745
parichay,-1003404539281,120,,2026-01-19T11:23:13+00:00,762
parichay,-1003404539281,119,,2026-01-19T11:23:13+00:00,777
parichay,-1003404539281,118,,2026-01-15T11:22:13+00:00,796
parichay,-1003404539281,117,,2026-01-15T11:22:12+00:00,776
parichay,-1003404539281,116,,2026-01-15T11:22:08+00:00,728
parichay,-1003404539281,115,,2026-01-15T11:22:08+00:00,770
parichay,-1003404539281,114,,2026-01-15T11:22:07+00:00,760
parichay,-1003404539281,113,,2026-01-15T11:22:06+00:00,773
parichay,-1003404539281,112,,2026-01-15T11:22:05+00:00,737
parichay,-1003404539281,111,,2026-01-12T11:22:42+00:00,765
parichay,-1003404539281,110,,2026-01-12T11:22:41+00:00,787
parichay,-1003404539281,109,,2026-01-12T11:22:37+00:00,800
parichay,-1003404539281,108,,2026-01-12T11:22:36+00:00,755
parichay,-1003404539281,107,,2026-01-12T11:22:36+00:00,807
parichay,-1003404539281,106,,2026-01-12T11:22:35+00:00,799
parichay,-1003404539281,105,,2026-01-12T11:22:34+00:00,820
parichay,-1003404539281,104,,2026-01-08T11:22:49+00:00,843
parichay,-1003404539281,103,,2026-01-08T11:22:48+00:00,881
parichay,-1003404539281,102,,2026-01-08T11:22:45+00:00,883
parichay,-1003404539281,101,,2026-01-08T11:22:44+00:00,850
parichay,-1003404539281,100,,2026-01-08T11:22:44+00:00,868
parichay,-1003404539281,99,,2026-01-08T11:22:43+00:00,877
parichay,-1003404539281,98,,2026-01-08T11:22:42+00:00,932
parichay,-1003404539281,97,,2026-01-05T11:21:31+00:00,921
parichay,-1003404539281,96,,2026-01-05T11:21:30+00:00,896
parichay,-1003404539281,95,,2026-01-05T11:21:26+00:00,945
parichay,-1003404539281,94,,2026-01-05T11:21:26+00:00,958
parichay,-1003404539281,93,,2026-01-05T11:21:25+00:00,972
parichay,-1003404539281,92,,2026-01-05T11:21:24+00:00,999
parichay,-1003404539281,91,,2026-01-05T11:21:23+00:00,1072
pravesh,-1003343356200,174,,2026-02-19T11:39:12+00:00,768
pravesh,-1003343356200,173,,2026-02-19T11:39:11+00:00,743
pravesh,-1003343356200,172,,2026-02-19T11:39:10+00:00,707
pravesh,-1003343356200,171,,2026-02-19T11:39:06+00:00,726
pravesh,-1003343356200,170,,2026-02-19T11:39:05+00:00,688
pravesh,-1003343356200,169,,2026-02-19T11:39:04+00:00,742
pravesh,-1003343356200,168,,2026-02-19T11:39:03+00:00,702
pravesh,-1003343356200,167,,2026-02-19T11:39:03+00:00,716
pravesh,-1003343356200,164,,2026-02-16T11:41:56+00:00,792
pravesh,-1003343356200,163,,2026-02-16T11:41:55+00:00,790
pravesh,-1003343356200,162,,2026-02-16T11:41:55+00:00,794
pravesh,-1003343356200,161,,2026-02-16T11:41:51+00:00,745
pravesh,-1003343356200,160,,2026-02-16T11:41:50+00:00,782
pravesh,-1003343356200,159,,2026-02-16T11:41:49+00:00,731
pravesh,-1003343356200,158,,2026-02-16T11:41:48+00:00,732
pravesh,-1003343356200,157,,2026-02-16T11:41:47+00:00,692
pravesh,-1003343356200,154,,2026-02-12T11:41:09+00:00,788
pravesh,-1003343356200,153,,2026-02-12T11:41:08+00:00,789
pravesh,-1003343356200,152,,2026-02-12T11:41:04+00:00,813
pravesh,-1003343356200,151,,2026-02-12T11:41:04+00:00,832
pravesh,-1003343356200,150,,2026-02-12T11:41:03+00:00,797
pravesh,-1003343356200,149,,2026-02-12T11:41:02+00:00,801
pravesh,-1003343356200,148,,2026-02-12T11:41:02+00:00,833
pravesh,-1003343356200,145,,2026-02-09T11:46:45+00:00,831
pravesh,-1003343356200,144,,2026-02-09T11:46:45+00:00,835
pravesh,-1003343356200,143,,2026-02-09T11:46:41+00:00,799
pravesh,-1003343356200,142,,2026-02-09T11:46:40+00:00,801
pravesh,-1003343356200,141,,2026-02-09T11:46:40+00:00,804
pravesh,-1003343356200,140,,2026-02-09T11:46:39+00:00,783
pravesh,-1003343356200,139,,2026-02-09T11:46:38+00:00,775
pravesh,-1003343356200,137,,2026-02-05T11:36:42+00:00,821
pravesh,-1003343356200,136,,2026-02-05T11:36:41+00:00,777
pravesh,-1003343356200,135,,2026-02-05T11:36:37+00:00,823
pravesh,-1003343356200,134,,2026-02-05T11:36:37+00:00,797
pravesh,-1003343356200,133,,2026-02-05T11:36:36+00:00,788
pravesh,-1003343356200,132,,2026-02-05T11:36:35+00:00,773
pravesh,-1003343356200,131,,2026-02-05T11:36:34+00:00,778
pravesh,-1003343356200,130,,2026-02-02T11:36:50+00:00,895
pravesh,-1003343356200,129,,2026-02-02T11:36:50+00:00,833
pravesh,-1003343356200,128,,2026-02-02T11:36:46+00:00,825
pravesh,-1003343356200,127,,2026-02-02T11:36:45+00:00,829
pravesh,-1003343356200,126,,2026-02-02T11:36:45+00:00,846
pravesh,-1003343356200,125,,2026-02-02T11:36:44+00:00,805
pravesh,-1003343356200,124,,2026-02-02T11:36:43+00:00,819
pravesh,-1003343356200,123,,2026-01-29T11:32:46+00:00,888
pravesh,-1003343356200,122,,2026-01-29T11:32:46+00:00,908
pravesh,-1003343356200,121,,2026-01-29T11:32:42+00:00,880
pravesh,-1003343356200,120,,2026-01-29T11:32:41+00:00,895
pravesh,-1003343356200,119,,2026-01-29T11:32:41+00:00,882
pravesh,-1003343356200,118,,2026-01-29T11:32:40+00:00,868
pravesh,-1003343356200,117,,2026-01-29T11:32:40+00:00,844
pravesh,-1003343356200,115,,2026-01-26T11:22:47+00:00,881
pravesh,-1003343356200,114,,2026-01-26T11:22:46+00:00,878
pravesh,-1003343356200,113,,2026-01-26T11:22:42+00:00,870
pravesh,-1003343356200,112,,2026-01-26T11:22:42+00:00,853
pravesh,-1003343356200,111,,2026-01-26T11:22:41+00:00,864
pravesh,-1003343356200,110,,2026-01-26T11:22:40+00:00,872
pravesh,-1003343356200,109,,2026-01-26T11:22:40+00:00,874
pravesh,-1003343356200,107,,2026-01-22T11:24:48+00:00,950
pravesh,-1003343356200,106,,2026-01-22T11:24:48+00:00,905
pravesh,-1003343356200,105,,2026-01-22T11:24:44+00:00,893
pravesh,-1003343356200,104,,2026-01-22T11:24:43+00:00,933
pravesh,-1003343356200,103,,2026-01-22T11:24:43+00:00,910
pravesh,-1003343356200,102,,2026-01-22T11:24:42+00:00,919
pravesh,-1003343356200,101,,2026-01-22T11:24:41+00:00,939
pravesh,-1003343356200,100,,2026-01-19T11:23:20+00:00,933
pravesh,-1003343356200,99,,2026-01-19T11:23:19+00:00,907
pravesh,-1003343356200,98,,2026-01-19T11:23:15+00:00,954
pravesh,-1003343356200,97,,2026-01-19T11:23:15+00:00,898
pravesh,-1003343356200,96,,2026-01-19T11:23:14+00:00,950
pravesh,-1003343356200,95,,2026-01-19T11:23:13+00:00,874
pravesh,-1003343356200,94,,2026-01-19T11:23:13+00:00,920
pravesh,-1003343356200,93,,2026-01-15T11:22:13+00:00,965
pravesh,-1003343356200,92,,2026-01-15T11:22:12+00:00,948
pravesh,-1003343356200,91,,2026-01-15T11:22:08+00:00,957
pravesh,-1003343356200,90,,2026-01-15T11:22:08+00:00,931
pravesh,-1003343356200,89,,2026-01-15T11:22:07+00:00,872
pravesh,-1003343356200,88,,2026-01-15T11:22:06+00:00,970
pravesh,-1003343356200,87,,2026-01-15T11:22:05+00:00,992
pravesh,-1003343356200,86,,2026-01-12T11:22:42+00:00,953
pravesh,-1003343356200,85,,2026-01-12T11:22:41+00:00,998
pravesh,-1003343356200,84,,2026-01-12T11:22:37+00:00,1035
pravesh,-1003343356200,83,,2026-01-12T11:22:36+00:00,1038
pravesh,-1003343356200,82,,2026-01-12T11:22:36+00:00,1008
pravesh,-1003343356200,81,,2026-01-12T11:22:35+00:00,987
pravesh,-1003343356200,80,,2026-01-12T11:22:34+00:00,994
pravesh,-1003343356200,79,,2026-01-08T11:22:49+00:00,1094
pravesh,-1003343356200,78,,2026-01-08T11:22:49+00:00,1027
pravesh,-1003343356200,77,,2026-01-08T11:22:45+00:00,1069
pravesh,-1003343356200,76,,2026-01-08T11:22:44+00:00,1072
pravesh,-1003343356200,75,,2026-01-08T11:22:44+00:00,1073
pravesh,-1003343356200,74,,2026-01-08T11:22:43+00:00,1094
pravesh,-1003343356200,73,,2026-01-08T11:22:42+00:00,983
pravesh,-1003343356200,72,,2026-01-05T11:21:31+00:00,1203
pravesh,-1003343356200,71,,2026-01-05T11:21:30+00:00,1224
pravesh,-1003343356200,70,,2026-01-05T11:21:26+00:00,1214
pravesh,-1003343356200,69,,2026-01-05T11:21:26+00:00,1273
pravesh,-1003343356200,68,,2026-01-05T11:21:25+00:00,1277
pravesh,-1003343356200,67,,2026-01-05T11:21:24+00:00,1272
pravesh,-1003343356200,66,,2026-01-05T11:21:23+00:00,1334
pravin,-1003238390901,175,,2026-02-19T11:39:12+00:00,1028
pravin,-1003238390901,174,,2026-02-19T11:39:11+00:00,1001
pravin,-1003238390901,173,,2026-02-19T11:39:10+00:00,993
pravin,-1003238390901,172,,2026-02-19T11:39:06+00:00,985
pravin,-1003238390901,171,,2026-02-19T11:39:05+00:00,967
pravin,-1003238390901,170,,2026-02-19T11:39:04+00:00,1014
pravin,-1003238390901,169,,2026-02-19T11:39:03+00:00,1003
pravin,-1003238390901,168,,2026-02-19T11:39:03+00:00,1006
pravin,-1003238390901,165,,2026-02-16T11:41:56+00:00,1019
pravin,-1003238390901,164,,2026-02-16T11:41:55+00:00,988
pravin,-1003238390901,163,,2026-02-16T11:41:55+00:00,1010
pravin,-1003238390901,162,,2026-02-16T11:41:51+00:00,1017
pravin,-1003238390901,161,,2026-02-16T11:41:50+00:00,994
pravin,-1003238390901,160,,2026-02-16T11:41:49+00:00,1003
pravin,-1003238390901,159,,2026-02-16T11:41:48+00:00,1026
pravin,-1003238390901,158,,2026-02-16T11:41:47+00:00,997
pravin,-1003238390901,155,,2026-02-12T11:41:09+00:00,1022
pravin,-1003238390901,154,,2026-02-12T11:41:08+00:00,982
pravin,-1003238390901,153,,2026-02-12T11:41:04+00:00,975
pravin,-1003238390901,152,,2026-02-12T11:41:04+00:00,976
pravin,-1003238390901,151,,2026-02-12T11:41:03+00:00,991
pravin,-1003238390901,150,,2026-02-12T11:41:02+00:00,995
pravin,-1003238390901,149,,2026-02-12T11:41:02+00:00,941
pravin,-1003238390901,146,,2026-02-09T11:46:45+00:00,1010
pravin,-1003238390901,145,,2026-02-09T11:46:45+00:00,1011
pravin,-1003238390901,144,,2026-02-09T11:46:41+00:00,1025
pravin,-1003238390901,143,,2026-02-09T11:46:40+00:00,976
pravin,-1003238390901,142,,2026-02-09T11:46:40+00:00,968
pravin,-1003238390901,141,,2026-02-09T11:46:39+00:00,1012
pravin,-1003238390901,140,,2026-02-09T11:46:38+00:00,1007
pravin,-1003238390901,138,,2026-02-05T11:36:42+00:00,1031
pravin,-1003238390901,137,,2026-02-05T11:36:41+00:00,1022
pravin,-1003238390901,136,,2026-02-05T11:36:37+00:00,1038
pravin,-1003238390901,135,,2026-02-05T11:36:37+00:00,1038
pravin,-1003238390901,134,,2026-02-05T11:36:36+00:00,994
pravin,-1003238390901,133,,2026-02-05T11:36:35+00:00,1036
pravin,-1003238390901,132,,2026-02-05T11:36:34+00:00,1032
pravin,-1003238390901,131,,2026-02-02T11:36:50+00:00,1063
pravin,-1003238390901,130,,2026-02-02T11:36:50+00:00,1042
pravin,-1003238390901,129,,2026-02-02T11:36:46+00:00,1019
pravin,-1003238390901,128,,2026-02-02T11:36:45+00:00,1095
pravin,-1003238390901,127,,2026-02-02T11:36:45+00:00,1053
pravin,-1003238390901,126,,2026-02-02T11:36:44+00:00,1056
pravin,-1003238390901,125,,2026-02-02T11:36:43+00:00,1066
pravin,-1003238390901,124,,2026-01-29T11:32:46+00:00,1094
pravin,-1003238390901,123,,2026-01-29T11:32:46+00:00,1103
pravin,-1003238390901,122,,2026-01-29T11:32:42+00:00,1077
pravin,-1003238390901,121,,2026-01-29T11:32:42+00:00,1042
pravin,-1003238390901,120,,2026-01-29T11:32:41+00:00,1087
pravin,-1003238390901,119,,2026-01-29T11:32:40+00:00,1089
pravin,-1003238390901,118,,2026-01-29T11:32:40+00:00,1047
pravin,-1003238390901,116,,2026-01-26T11:22:47+00:00,1085
pravin,-1003238390901,115,,2026-01-26T11:22:46+00:00,1079
pravin,-1003238390901,114,,2026-01-26T11:22:42+00:00,1057
pravin,-1003238390901,113,,2026-01-26T11:22:42+00:00,1041
pravin,-1003238390901,112,,2026-01-26T11:22:41+00:00,1044
pravin,-1003238390901,111,,2026-01-26T11:22:40+00:00,1052
pravin,-1003238390901,110,,2026-01-26T11:22:40+00:00,991
pravin,-1003238390901,108,,2026-01-22T11:24:48+00:00,1128
pravin,-1003238390901,107,,2026-01-22T11:24:48+00:00,1154
pravin,-1003238390901,106,,2026-01-22T11:24:44+00:00,1133
pravin,-1003238390901,105,,2026-01-22T11:24:43+00:00,1124
pravin,-1003238390901,104,,2026-01-22T11:24:43+00:00,1102
pravin,-1003238390901,103,,2026-01-22T11:24:42+00:00,1160
pravin,-1003238390901,102,,2026-01-22T11:24:41+00:00,1165
pravin,-1003238390901,101,,2026-01-19T11:23:20+00:00,1189
pravin,-1003238390901,100,,2026-01-19T11:23:19+00:00,1192
pravin,-1003238390901,99,,2026-01-19T11:23:15+00:00,1192
pravin,-1003238390901,98,,2026-01-19T11:23:15+00:00,1181
pravin,-1003238390901,97,,2026-01-19T11:23:14+00:00,1136
pravin,-1003238390901,96,,2026-01-19T11:23:13+00:00,1141
pravin,-1003238390901,95,,2026-01-19T11:23:13+00:00,1137
pravin,-1003238390901,94,,2026-01-15T11:22:13+00:00,1167
pravin,-1003238390901,93,,2026-01-15T11:22:12+00:00,1117
pravin,-1003238390901,92,,2026-01-15T11:22:08+00:00,1101
pravin,-1003238390901,91,,2026-01-15T11:22:08+00:00,1154
pravin,-1003238390901,90,,2026-01-15T11:22:07+00:00,1146
pravin,-1003238390901,89,,2026-01-15T11:22:06+00:00,1165
pravin,-1003238390901,88,,2026-01-15T11:22:05+00:00,1099
pravin,-1003238390901,87,,2026-01-12T11:22:42+00:00,1214
pravin,-1003238390901,86,,2026-01-12T11:22:41+00:00,1183
pravin,-1003238390901,85,,2026-01-12T11:22:37+00:00,1212
pravin,-1003238390901,84,,2026-01-12T11:22:37+00:00,1075
pravin,-1003238390901,83,,2026-01-12T11:22:36+00:00,1183
pravin,-1003238390901,82,,2026-01-12T11:22:35+00:00,1138
pravin,-1003238390901,81,,2026-01-12T11:22:34+00:00,1186
pravin,-1003238390901,80,,2026-01-08T11:22:49+00:00,1293
pravin,-1003238390901,79,,2026-01-08T11:22:49+00:00,1294
pravin,-1003238390901,78,,2026-01-08T11:22:45+00:00,1267
pravin,-1003238390901,77,,2026-01-08T11:22:44+00:00,1320
pravin,-1003238390901,76,,2026-01-08T11:22:44+00:00,1280
pravin,-1003238390901,75,,2026-01-08T11:22:43+00:00,1202
pravin,-1003238390901,74,,2026-01-08T11:22:42+00:00,1346
pravin,-1003238390901,73,,2026-01-05T11:21:31+00:00,1250
pravin,-1003238390901,72,,2026-01-05T11:21:30+00:00,1304
pravin,-1003238390901,71,,2026-01-05T11:21:26+00:00,1442
pravin,-1003238390901,70,,2026-01-05T11:21:26+00:00,1414
pravin,-1003238390901,69,,2026-01-05T11:21:25+00:00,1502
pravin,-1003238390901,68,,2026-01-05T11:21:24+00:00,1536
pravin,-1003238390901,67,,2026-01-05T11:21:23+00:00,1580
