quiz_num,Exam Name,Book Name,Chapter Name,chapter_no,question,option0,option1,option2,option3,answer,page_no,true_sentence,answer index
1,પ્રવેશ,નીલકંઠ ચરિત્ર,સ્વજનોને મારા કુશળ સમાચાર આપજો,1,નીલકંઠે વિ.સં. ૧૮૪૮ના આષાઢ સુદ ૧૦ ના દિવસે ગૃહત્યાગ કર્યો.,ખોટું,સાચું,,,સાચું,1,,1
1,પ્રવેશ,નીલકંઠ ચરિત્ર,સ્વજનોને મારા કુશળ સમાચાર આપજો,1,"કોણ કોને કહે છે? - ""તમે ક્યારના આવ્યા છો?""",કૌશિક રાક્ષસી -નીલકંઠવર્ણીને,નીલકંઠવર્ણી -હનુમાનજીને,હનુમાનજી -નીલકંઠવર્ણીને,નીલકંઠવર્ણી - મિત્રોને,નીલકંઠવર્ણી -હનુમાનજીને,2,,1
1,પ્રવેશ,નીલકંઠ ચરિત્ર,ત્યાગીને આકાશવૃત્તિ કે અજગરવૃત્તિ જાઈએ,2,ત્યાગીને આકાશવૃતિ કે ................. જ જોઈએ.,અજગરવૃતિ,અંતદૃષ્ટિ,બાહ્નાવૃત્તિ,આંતર્વૃત્તિ,અજગરવૃતિ,2,,0
1,પ્રવેશ,નીલકંઠ ચરિત્ર,વેણીરામને દર્શન આપ્યાં અને રઘુનંદનને સજીવન કર્યો,3,વેણીરામના પિતાનું નામ શું હતુ. ?,ઈચ્છારામ,મોતીરામ,રઘુનંદન,વેણીરામ,મોતીરામ,3,,1
1,પ્રવેશ,નીલકંઠ ચરિત્ર,તપસ્વીઓની દિવ્ય ગતિ,4,હેબતાઈ ગયેલા તપસ્વીઓ ઝોળીમાં પડ્યા પડ્યા ભગવાનને સંભારવા લાગ્યા.,ખોટું,સાચું,,,ખોટું,8,હેબતાઈ ગયેલા તપસ્વીઓ ઝોળીમાં પડ્યા પડ્યા નીલકંઠને ભગવાનરૂપે સંભારવા લાગ્યા.,0
1,પ્રવેશ,નીલકંઠ ચરિત્ર,તપસ્વીઓની દિવ્ય ગતિ,4,એક અર્ધરાત્રિએ નીલકંઠ પાસે શું આવ્યું જે ચિત્કાર કરીને નીલકંઠની પ્ર­દક્ષિણા કરીને વડના ઝાડ પાસે બેઠું. ?,ઝરખ,વાઘ,સિંહ,રીંછ,ઝરખ,8,,0
1,પ્રવેશ,નીલકંઠ ચરિત્ર,બદરીનાથ ધામની વાટે,5,................. વેશ ધારણ કરી મહાદેવજી અને પાર્વતી નીલકંઠની ઘણા દિવસ સેવા કરી.,તપસ્વી,બ્રાહ્મણ,વણિક,બટુક,બ્રાહ્મણ,10,,1
2,પ્રવેશ,કિશોર સત્સંગ પ્રવેશ,શિક્ષાપત્રી,1,અહિંસા યુક્ત વર્તવું તે ધર્મ મોક્ષપરાયણ છે. વચનામૃત ............,વચ.ગ.પ્ર.૬૯,વચ.ગ.પ્ર.૯૬,વચ.ગ.મ.૨૫,વચ.ગ.પ્ર ૨૫,વચ.ગ.પ્ર.૬૯,5,,0
2,પ્રવેશ,કિશોર સત્સંગ પ્રવેશ,શિક્ષાપત્રી,1,શ્રીજી મહારાજે કહ્યું ‘ધર્મ એટલે સુવિચાર’,ખોટું,સાચું,,,ખોટું,1,શ્રીજી મહારાજે કહ્યું ‘ધર્મ એટલે સદાચાર’,0
2,પ્રવેશ,કિશોર સત્સંગ પ્રવેશ,સગરામ,2,"કોણ કોને કહે છે? - ""અમે તો સ્વામિનારાયણના ભગત, અમારો ધરમ સાચવીએ""",લોકોએ-સગરામને,સગરામે-લોકોને,સગરામ - મહારાજને,સગરામ - દરબારને,સગરામે-લોકોને,12,,1
2,પ્રવેશ,કિશોર સત્સંગ પ્રવેશ,વ્યાકપાનંદ સ્વામી,3,શીતળદાસ ને ભાગવતી દીક્ષા આપી મહારાજે .............. નામ પાડ્યું.,અખંડાનંદ,વ્યાપકાનંદ,સ્વરૂપાનંદ,અમોધાનંદ,વ્યાપકાનંદ,14,,1
2,પ્રવેશ,કિશોર સત્સંગ પ્રવેશ,વ્યાકપાનંદ સ્વામી,3,શીતળદાસને ભાગવતી દીક્ષા આપી રામાનંદ સ્વામીએ તેમનું નામ ‘વ્યાપકાનંદ સ્વામી’ પાડ્યું.’,ખોટું,સાચું,,,ખોટું,14,શીતળદાસને ભાગવતી દીક્ષા આપી મહારાજે તેમનું નામ ‘વ્યાપકાનંદ સ્વામી’ પાડ્યું.’,0
2,પ્રવેશ,કિશોર સત્સંગ પ્રવેશ,ગોડી,4,ભવ દુઃખ ટળે બળે સબ દુષ્કૃત સબવિધિ કારજ સીજે.,ખોટું,સાચું,,,સાચું,16,,1
2,પ્રવેશ,શાસ્ત્રીજી મહારાજ,પૂર્વભૂમિકા,1,શુદ્ધ ઉપાસના એટલે અક્ષરરૂપ થઈ .............. ભક્તિ કરવી.,શાસ્ત્રીજી મહારાજની,પુરુષોત્તમની,ભગવાનની,,પુરુષોત્તમની,1,,1
3,પ્રવેશ,શાસ્ત્રીજી મહારાજ,પૂર્વભૂમિકા,1,કોઠારી ગિરધરભાઈ પણ જાણે છે ? શાસ્ત્રી શુદ્ધ છે છતાં તે કેમ કાંઈ બોલતા નથી અને સાંભળી લે છે.,સાચું,ખોટું,,,ખોટું,47,કોઠારી ગોરધનભાઈ પણ જાણે છે ? શાસ્ત્રી શુદ્ધ છે છતાં તે કેમ કાંઈ બોલતા નથી અને સાંભળી લે છે.,1
3,પ્રવેશ,શાસ્ત્રીજી મહારાજ,પ્રાકટય અને આર્શીવાદ,2,"કોણ કોને કહે છે? - ""આગળ જતાં સંસાર છોડી ત્યાગી થઈ તમારા કુળનું કલ્યાણ કરશે.""",ગુણાતીતાનંદ સ્વામી-મયુરભાઈને,વૈકુંઠ બ્રહ્મચારી-ધોરીભાઈને,શુકસ્વામી-મથુરભાઈને,શુકસ્વામી - ધોરીભાઈને,શુકસ્વામી-મથુરભાઈને,2,,2
3,પ્રવેશ,શાસ્ત્રીજી મહારાજ,ચમત્કારની પરંપરા,3,"કોણ કોને કહે છે? - ""એકાદશીને દિવસે અન્ન ખાવું તે માંસ ખાધા બરાબર છે.""",ડુંગરભક્ત-મથુરભાઈને,ડુંગરભક્ત-લગ્નમાં આવેલા લગભગ ચારસો માણસોને,ડુંગરભક્ત-રાવજીભાઈને,ડુંગરભક્ત - બાળ મિત્રોને,ડુંગરભક્ત-લગ્નમાં આવેલા લગભગ ચારસો માણસોને,5,,1
3,પ્રવેશ,શાસ્ત્રીજી મહારાજ,ચમત્કારની પરંપરા,3,ડુંગર ભક્ત માટીના .............. બનાવે.,ઘર,મંદિર,રમકડાં,બંગલા,મંદિર,5,,1
3,પ્રવેશ,શાસ્ત્રીજી મહારાજ,નિર્ભયતા,4,ડુંગરભક્તને નાનપણમાં શાનું વ્યસન પડી ગયું હતુ ?,કથાવાર્તાનું,મંદિરો બનાવવાનું,રમત-ગમતનું,વાંચનનું,કથાવાર્તાનું,7,,0
3,પ્રવેશ,સત્સંગ વાંચન માળા ૧,સદ્ગુરુ બ્રહ્માનંદ સ્વામી,1,સૌ પ્રથમ વરતાલમાં મંદિર કરવાની મહારાજની આજ્ઞા થઈ ત્યાર પછી વરતાલનું મંદિર કરવા મહારાજે બ્રહ્માનંદ સ્વામીને મોકલ્યા.,ખોટું,સાચું,,,ખોટું,6,સૌ પ્રથમ અમદાવાદનું મંદિર કરવા મહારાજે બ્રહ્માનંદ સ્વામીને મોકલ્યા. ત્યાર પછી વરતાલનું મંદિર કયા મહારાજની આજ્ઞા થઈ.,0
3,પ્રવેશ,સત્સંગ વાંચન માળા ૧,સદ્ગુરુ બ્રહ્માનંદ સ્વામી,1,"કોણ કોને કહે છે? - ""આ નાનો સાધુ બ્રહ્મ છે ને ઉપર બેઠો છે એ ઢગો બ્રહ્મ છે.""",ખૈયાખત્રીની માતા-ખૈયાખત્રીને,જીવુબા-બ્રહ્માનંદ સ્વામીને,લાડુબા-વજેસિંહ દરબારને,ખૈયાખત્રીની માતા-બ્રહ્માનંદ સ્વામીને,ખૈયાખત્રીની માતા-ખૈયાખત્રીને,6,,0
4,પ્રવેશ,સત્સંગ વાંચન માળા ૧,સદ્ગુરુ બ્રહ્માનંદ સ્વામી,1,ક્યાંના મંદિરમાં મહારાજે પોતાની મૂર્તિ હરિકૃષ્ણ નામથી પધરાવી. ?,અમદાવાદ,જૂનાગઢ,વરતાલ,,વરતાલ,6,,2
4,પ્રવેશ,સત્સંગ વાંચન માળા ૧,સદ્ગુરુ બ્રહ્માનંદ સ્વામી,1,બ્રહ્માનંદ સ્વામીએ ........................... શિખરના મંદિરનો વરતાલમાં આરંભ કર્યો હતો.,1,3,5,7,3,6,,1
4,પ્રવેશ,સત્સંગ વાંચન માળા ૧,સદ્ગુરુ દેવાનંદ સ્વામી,2,"કોણ કોને કહે છે? - ""આ તો શ્રીજી મહારાજનો પ્રતાપ છે.""",દલપતરામ-નાનાભગતને,દેવાનંદ સ્વામી-દલપતરામને,નાનાલાલ-શિષ્યને શિષ્ય બન્યા પછી,દલપતરામ-નાનાલાલને,દેવાનંદ સ્વામી-દલપતરામને,14,,1
4,પ્રવેશ,સત્સંગ વાંચન માળા ૧,સદ્ગુરુ દેવાનંદ સ્વામી,2,દેવીદાનને ભાગવતી દીક્ષા પછી ...................... નામ આપ્યું.,દેવાનંદ,સુકાનંદ,સેવાદાસ,બ્રહ્માનંદ,દેવાનંદ,14,,0
4,પ્રવેશ,નીલકંઠ ચરિત્ર,મહંતાઈના પ્રલોભનનો ત્યાગ,6,"કોણ કોને કહે છે? - ""આ તમારી જોગી હઠ છે.""",નીલકંઠવર્ણી -મઠના મહંતજીને,બાળ બ્રહ્મચારી-નીલકંઠને,મઠના મહંતજી-નીલકંઠવર્ણીને,આમાંથી એક પણ નહિ.,મઠના મહંતજી-નીલકંઠવર્ણીને,11,,2
4,પ્રવેશ,નીલકંઠ ચરિત્ર,બદરીનાથ અને માનસ સરોવરની વાટે,7,ચાર મહિના બદરીનાથની ચલમૂર્તિની ક્યાં પૂજા કરવામાં આવતી ?,જગન્નાથ મંદિરમાં,જ્યોતિશ્વરના જોષીમઠના મંદિરમાં,જોષીમઠના જ્યોતિશ્વરના મંદિરમાં,બદરીનાથ મંદિરમાં,જોષીમઠના જ્યોતિશ્વરના મંદિરમાં,13,,2
4,પ્રવેશ,નીલકંઠ ચરિત્ર,પોતાની વાણીને શાપ,9,ક્યા શહેરના રાજાના બે નોકરો હાથમાં બંદૂક લઈને બગીચામાં ­પ્રવેશ્યા?,બુટોલનગર,બાંસી,વંશીપુર,શ્રીપુર,બાંસી,15,,1
5,પ્રવેશ,નીલકંઠ ચરિત્ર,નીલકંઠ વંશીપુરમાં,10,વંશીપુરના રાજાએ વૃક્ષ નીચે જોયેલ બાલયોગીનું વર્ણન કરો.?,કમળસમુ સુંદર મુખારવિંદ,ચંદ્રસમુ સુંદર મુખારવિંદ,સુર્યસમુ સુંદર મુખારવિંદ,તેજસ્વી મુખારવિંદ,ચંદ્રસમુ સુંદર મુખારવિંદ,16,,1
5,પ્રવેશ,નીલકંઠ ચરિત્ર,ઘોર જંગલમાં પ્રવેશ,11,સં ૧૮૫૦ ની ................. અષ્ટમીના દિવસે એક વર્ષ તેંતાલીસ દિવસ પૂરા થયા.,ભાદરવો સુદ,શ્રાવણ વદ,શ્રાવણ સુદ,આસો સુદ,શ્રાવણ વદ,20,,1
5,પ્રવેશ,નીલકંઠ ચરિત્ર,ભૂતોનો નાશ અને યોગીઓનો મોક્ષ,12,અમારી પાસે ................. છે. રોજ બપોરે જે જોઈએ તે ખાવાનું તૈયાર મળે છે.,અક્ષત પાત્ર,અક્ષય પાત્ર,અમર પાત્ર,અભયપાત્ર,અક્ષય પાત્ર,21,,1
5,પ્રવેશ,નીલકંઠ ચરિત્ર,પુલહાશ્રમમાં આકરું તપ,14,નીલકંઠ મુક્તિનાથ પહોચ્યા ત્યારે શ્રાવણ મહિનાના ક્યા દિવસો હતા.?,છેલ્લા,ત્રીજા,પહેલા,આમાંથી એક પણ નહિ.,છેલ્લા,23,,0
5,પ્રવેશ,કિશોર સત્સંગ પ્રવેશ,ધૂન,5,"રાધે ગોવિંદ, જય રાધે ગોવિંદ,...પછીની પંક્તિ લખો.",માધવ મુકુંદ જય માધવ મુકુંદ,વૃન્દાવનચંદ્ર જય રાધે ગોવિંદ,"સ્વામિનારાયણ, સ્વામિનારાયણ",આનંદકંદ જય,વૃન્દાવનચંદ્ર જય રાધે ગોવિંદ માધવ મુકુંદ,17,,1
5,પ્રવેશ,કિશોર સત્સંગ પ્રવેશ,રત્નાકર અને ચાર ભાઈઓ,8,"કોણ કોને કહે છે? - ""હું હમણાં જ તારા ભાઈ પાસેથી આવુ છું તું આટલી બધી મહેનત કરે છે પણ તે તો તારી વિરુધ્ધ બોલે છે.""",એક ભાઈ-બીજાભાઈને,દરિયાદેવ -એક ભાઈને,એક ભાઈ-મુસાફરને,મુસાફર-એક ભાઈને,દરિયાદેવ -એક ભાઈને,21,,1
5,પ્રવેશ,કિશોર સત્સંગ પ્રવેશ,નેનપુરના દેવજી ભગત,9,"કોણ કોને કહે છે? - ""મહારાજ ! અમે તમારી માળા ફેરવીએ પણ તમે કોની માળા ફેરવો?""",દાદાખાચર -શ્રીજી મહારાજને,વાઘાખાચર-શ્રીજી મહારાજને,સુરાખાચર -શ્રીજી મહારાજને,દેવજી ભગત-શ્રીજી મહારાજને,સુરાખાચર -શ્રીજી મહારાજને,22,,2
6,પ્રવેશ,કિશોર સત્સંગ પ્રવેશ,ગુરુ-શિષ્ય,10,સાચા ગુરુનો આશરો કરવાથી .............. પમાય છે.,બ્રહ્મભાવ,મોટપ,સુખ,આનંદ,બ્રહ્મભાવ,25,,0
6,પ્રવેશ,કિશોર સત્સંગ પ્રવેશ,ગુરુ-શિષ્ય,10,ગુરૂનો આત્મા શિષ્ય છે ગુરૂની આજ્ઞા પ્રમાણે વર્તે તે આત્મારૂપે વર્ત્યા કહેવાય.,ખોટું,સાચું,,,ખોટું,26,,0
6,પ્રવેશ,કિશોર સત્સંગ પ્રવેશ,આત્માનંદ સ્વામી,11,આત્માનંદ સ્વામી વચનની મૂર્તિ શાથી કહેવાતા?,બીજાનું વચન સારધાર પાળતા.,બોલવામાં બહું હોશિયાર હતા.,શ્રીજી મહારાજની દરેક આજ્ઞા પાળવાનું બહું તાન હતું તેથી.,તેમનું દરેક બોલેલું વચન સાચું પડતું,શ્રીજી મહારાજની દરેક આજ્ઞા પાળવાનું બહું તાન હતું તેથી.,26,,2
6,પ્રવેશ,શાસ્ત્રીજી મહારાજ,વિદ્યારંભ,5,હું તો સાધુ થઈને વિદ્વાન થઈશ અને ઘણાને .............. ભણાવીશ.,બ્રહ્મવિદ્યા,શાસ્ત્રો,સંસ્કૃત,વિદ્યા,બ્રહ્મવિદ્યા,10,,0
6,પ્રવેશ,શાસ્ત્રીજી મહારાજ,પ્રાગજી ભક્તના યોગમાં,10,"જીવપ્રાણી માત્રને, વિદ્યાવાનને, ધર્મવાળાને અને જ્ઞાનીને અનુક્રમે કેટલા લોચન હોય છે. ?","ત્રણ, ચાર, સાત અને અનંત","બે, ચાર, સાત અને નવ","બે, ત્રણ, સાત અને અનંત",એમાંથી એક પણ નહિ,"બે, ત્રણ, સાત અને અનંત",21,,2
6,પ્રવેશ,શાસ્ત્રીજી મહારાજ,બ્રહ્મવિદ્યાના પંથે,11,અક્ષરરૂપ થઈ પુરુષોત્તમ ભગવાનનો નિડ્ઢય કરવાની વાત .............. વચનામૃતમાં આવે છે.,લોયા-૧૨,લોયા-૭,વડતાલ-૧૨,વડતાલ-૭,લોયા-૧૨,22,,0
6,પ્રવેશ,શાસ્ત્રીજી મહારાજ,‘ ઍ તો મારો કોડીલો લાલ ’,12,યજ્ઞપુરુષદાસજીએ શ્રીજીમહારાજની ચરણાવિંદની જોડ .............. ને આપી દીધી.,રામચરણદાસ,રામરતનદાસ,રામસ્વરૂપદાસ,રામરૂપદાસ,રામરતનદાસ,24,,1
7,પ્રવેશ,શાસ્ત્રીજી મહારાજ,ઠાકરિયો વીંછી,15,રંગાચાર્ય પાસે યજ્ઞપુરુષદાસ શું ભણ્યા?,દશમસ્કંધ,સાશ્વત,સિદ્ધાંતકૌમુદી,પંચમસ્કંધ,સિદ્ધાંતકૌમુદી,28,,2
7,પ્રવેશ,શાસ્ત્રીજી મહારાજ,સમર્થ વક્તા,19,શિવલાલ શેઠના પૌત્ર હરિલાલ શેઠ .............. કથા કરાવતા હતા.,વચનામૃત,સત્સંગીજીવન,હરીલીલામૃત,ભક્તચિંતામણી,સત્સંગીજીવન,34,,1
7,પ્રવેશ,સત્સંગ વાંચન માળા ૧,સદ્ગુરુ દેવાનંદ સ્વામી,2,દેવાનંદ સ્વામીના પ્રવચનો સાંભળીને કોણ એમના શિષ્ય બન્યા?,દયારામ,દલપતરામ,ભૂમાનંદ,એમાંથી એક પણ નહિ,દલપતરામ,14,,1
7,પ્રવેશ,સત્સંગ વાંચન માળા ૧,સદ્ગુરુ શુકાનંદ સ્વામી,3,નડીયાદ આવીને વસેલા વિપ્ર જગન્નાથ મૂળ ડભાણના વતની હતા.,ખોટું,સાચું,,,ખોટું,17,,0
7,પ્રવેશ,સત્સંગ વાંચન માળા ૧,સદ્ગુરુ શુકાનંદ સ્વામી,3,"કોણ કોને કહે છે? - ""એમની આસને કરીને મોટપ નથી. એ તો અનાદિના મોટા છે.""",દાદા ખાચર-ગુણાતીતાનંદ સ્વામીને,મહારાજ-શુકમુનિને,ગુણાતીતાનંદ સ્વામી-દેવાનંદને,મહારાજ-દાદા ખાચરને,મહારાજ-શુકમુનિને,21,,1
7,પ્રવેશ,સત્સંગ વાંચન માળા ૧,ભક્તરાજ દરબાર શ્રી ઝીણાભાઈ,4,કમળશી વાંઝા ................. ગામના હતા.,જૂનાગઢ,પંચાળા,માંગરોળ,લોયા,માંગરોળ,28,,2
7,પ્રવેશ,સત્સંગ વાંચન માળા ૧,ભક્તરાજ દરબાર શ્રી ઝીણાભાઈ,4,શ્રીજી મહારાજે પંચાળામાં ફુલદોલનો મહોત્સવ સંવત ૧૮૫૮માં ખુબ જ ધામ ધૂમથી ઉજવ્યો.,ખોટું,સાચું,,,ખોટું,26,,0
8,પ્રવેશ,સત્સંગ વાંચન માળા ૧,ભક્તરાજ દરબાર શ્રી ઝીણાભાઈ,4,શ્રીજી મહારાજે સં .............. માં પંચાળામાં ફુલદોલનો મહોત્સવ ઉજવ્યો.,1856,1859,1879,1866,1879,26,,2
8,પ્રવેશ,નીલકંઠ ચરિત્ર,મોહનદાસને નીલકંઠનો મેળાપ,15,નીલકંઠે કઠારીનું શું કર્યું.?,એક પથરા સાથે અફળાવીને તેમણે કઠારી તોડી નાખી.,કઠારી જમીન ઉપર ત્યાંજ મૂકી દીધી.,અદૃશ્ય કરી દીધી,નાખી દીધી,એક પથરા સાથે અફળાવીને તેમણે કઠારી તોડી નાખી.,25,,0
8,પ્રવેશ,નીલકંઠ ચરિત્ર,મહાદત્ત રાજાના મહેલમાં,16,રાજા મહાદત્તે નીલકંઠને ક્યાં ઉતારો આપ્યો. ?,એક જુદા કમરામાં,બાગમાં,બંગલામાં,મહેલમાં,બંગલામાં,26,,2
8,પ્રવેશ,નીલકંઠ ચરિત્ર,ગોપાળ યોગીનો મેળાપ,17,નીલકંઠવર્ણીએ ગોપાળયોગી પાસે શેની અભિલાશા દર્શાવી. ?,સમાધિની,અષ્ટાંગયોગ સિદ્ધ કરવાની.,વ્રત-નિયમ શિખવાનું.,"અષ્ટાંગયોગ, વિવિધ આસનો શીખવાની.",અષ્ટાંગયોગ સિદ્ધ કરવાની.,28,,1
8,પ્રવેશ,નીલકંઠ ચરિત્ર,કાઠમંડુમાં રાજાને આશીર્વાદ,18,નેપાળમાં ................. સહાનો પૌત્ર રણ બહાદુર ગાદી ઉપર હતો.,રાજા મહાદૂત,રણજીત રાજા,પૃથ્વીનારાયણ,રણબહાદુર,પૃથ્વીનારાયણ,29,,2
8,પ્રવેશ,નીલકંઠ ચરિત્ર,પિબૈકનો પરાજય,20,નીલકંઠે હનુમાનજીની આરાધના કરી એટલે હનુમાનજી આવ્યા.,ખોટું,સાચું,,,ખોટું,33,પિબૈકે હનુમાનવીરની આરાધના કરી એટલે હનુમાનજી આવ્યા.,0
8,પ્રવેશ,નીલકંઠ ચરિત્ર,નવ લાખ યોગીઓનો ઉદ્ધાર,21,નવ લાખ યોગીઓએ નીલકંઠને .......... દિવસ સાથે રાખ્યા.,ચાર,"પાંચ,",બે,ત્રણ,"ત્રણ,",36,,3
9,પ્રવેશ,નીલકંઠ ચરિત્ર,જાંબુવાનનું કલ્યાણ,24,જાંબુવાનના કલ્યાણના કારણે નીલકંઠ સાક્ષાત રામચંદ્ર ભગવાન છે તેમ આખા ગામમાં વાત ફેલાઈ.,ખોટું,સાચું,,,ખોટું,42,જાંબુવાનના કલ્યાણના કારણે નીલકંઠ સાક્ષાત કૃષ્ણ ભગવાન છે તેમ આખા ગામમાં વાત ફેલાઈ.,0
9,પ્રવેશ,કિશોર સત્સંગ પ્રવેશ,બોચાસણના કાશીદાસ,12,કાશીદાસના માતૃશ્રીનું નામ નાનીબા હતું અને દીકરાનું નામ દેસાઈભાઈ હતું.,ખોટું,સાચું,,,સાચું,31,,1
9,પ્રવેશ,કિશોર સત્સંગ પ્રવેશ,ભુજનાં લાધીબાઈ,14,ભુજના લાધીબાઈ કોના શિષ્યા હતા ?,ગુણાતીતાનંદ સ્વામી,મુક્તાનંદ સ્વામી,રામાનંદ સ્વામી,આત્માનંદ સ્વામી,રામાનંદ સ્વામી,32,,2
9,પ્રવેશ,કિશોર સત્સંગ પ્રવેશ,દૂબળી ભટ્ટ,15,દૂબળી ભટ્ટનું ખરું નામ ........... હતું.,કેશવજી મહારાજ,જગન્નાથ મહારાજ,રણછોડજી મહારાજ,કૃષ્ણજી મહારાજ,રણછોડજી મહારાજ,36,,2
9,પ્રવેશ,કિશોર સત્સંગ પ્રવેશ,માતાજી,17,ઝમકુબાએ રાજ્યનો વૈભવ છોડીને ભગવાન પાસે જવાનો નિશ્ચય કેમ કર્યો ?,તેમને વૈરાગ્ય ઉત્પન થવાથી,રાજ્યના વૈભવમાં તેમનું મન નહોતું લાગતું,રાણાના ત્રાસનો અંત લાવવા,એમાંથી એક પણ નહિ,રાણાના ત્રાસનો અંત લાવવા,51,,2
9,પ્રવેશ,કિશોર સત્સંગ પ્રવેશ,રાણા રાજગર,18,રાણો રાજગર ................... ગામનો હતો.,ગોલિડા,દ્વારકા,સરધાર,માણાવદર,ગોલિડા,53,,0
9,પ્રવેશ,કિશોર સત્સંગ પ્રવેશ,વચનામૃત,19,કોના વચનમાં વિશ્વાસ રાખીએ તો અવિવેક ટળી જાય ?,માતા-પિતાના,મોટાના,ભગવાનના,ભગવાન અને સંતના,ભગવાન અને સંતના,56,,3
10,પ્રવેશ,શાસ્ત્રીજી મહારાજ,અભયદાન આપવાની આજ્ઞા,21,"કોણ કોને કહે છે? - ""તમે શોક ન કરશો હું ધામમાં જઈશ ત્યારે છેલ્લી સેવા માટે તમને બોલાવીશ.""",આચાર્યશ્રી વિહારીલાલજી મહારાજ - સ્વામીશ્રીને,જાગાભક્ત-બાલમુકુંદ સ્વામી,બાલમુકુંદ સ્વામી-સ્વામીશ્રીને,જાગાભક્ત-સ્વામીશ્રીને,જાગાભક્ત-સ્વામીશ્રીને,38,,3
10,પ્રવેશ,શાસ્ત્રીજી મહારાજ,સંતોની પ્રેરણા,22,"કોણ કોને કહે છે? - ""અમારે એક પૈસાનું પતું જોઈતું, હોય તો કોઠારમાં માંગવું પડે તો લાખો રૂપિયાના મંદિર કેમ થાય?""",જીભાઈ કોઠારી-સ્વામીશ્રીને,સ્વામીશ્રી-જાગાભક્તને,સ્વામીશ્રી-ગોરધનદાસભાઈ કોઠારીને,જીભાઈ કોઠારી-જાગાભક્તને,સ્વામીશ્રી-જાગાભક્તને,39,,1
10,પ્રવેશ,શાસ્ત્રીજી મહારાજ,વઢવાણ મંદિરમાં અક્ષરપુરુષોત્તમની મૂર્તિપ્રતિષ્ઠા,25,"કોણ કોને કહે છે? - ""જો વિરોધ થાય તો પહેલા ખંડમાં પણ અક્ષરપુરુષોત્તમની મૂર્તિઓ પધરાવશો.""",નિર્મળદાસજી-સૌ હરિભક્તોને,સ્વામીશ્રી-નિર્મળદાસજીને,સ્વામીશ્રી -સૌ હરિભક્તોને,નિર્મળદાસજી - સ્વામીશ્રીને,સ્વામીશ્રી -સૌ હરિભક્તોને,44,,2
10,પ્રવેશ,શાસ્ત્રીજી મહારાજ,વરતાલમાં અક્ષરપુરુષોત્તમનો જયઘોષ,26,"કોણ કોને કહે છે? - ""તો પૂનમની સભામાં જય બોલાવજો.""",આચાર્ય મહારાજ-સ્વામીશ્રીને,સ્વામીશ્રી-કાળીદાસને,સ્વામીશ્રી-ગલભાઈને,આચાર્ય મહારાજ-ગલભાઈને,સ્વામીશ્રી-ગલભાઈને,46,,2
10,પ્રવેશ,શાસ્ત્રીજી મહારાજ,વરતાલમાં અક્ષરપુરુષોત્તમનો જયઘોષ,26,અક્ષરપુરુષોત્તમની જય કોણે બોલાવી. ?,કાળીદાસભાઈ,હરિભક્તો,યજ્ઞપુરુષદાસે,ગલભાઈ,ગલભાઈ,46,,3
10,પ્રવેશ,શાસ્ત્રીજી મહારાજ,વિરોધનો વંટોળ,27,"કોણ કોને કહે છે? - ""તેની વાતો મને સાકરના કટકા જેવી મીઠી લાગે છે, તેથી હું અહીં આવું છું.""",કાળીદાસ -ગોરધનભાઈ કોઠારીને,ગોરધનભાઈ કોઠારી -ભીમજીભાઈને,ગોરધનભાઈ કોઠારી -ખુશાલભાઈને,જીભાઈ કોઠારી - ગોરધનભાઈ કોઠારીને,ગોરધનભાઈ કોઠારી -ખુશાલભાઈને,48,,2
10,પ્રવેશ,સત્સંગ વાંચન માળા ૧,ભક્તરાજ જોબનપગી,5,જોબનપગીના આગ્રહથી શ્રીજી મહારાજ વરતાલમાં જોબનપગીના ઉતારે પધાર્યા.,ખોટું,સાચું,,,ખોટું,31,બાપુજીભાઈના આગ્રહથી શ્રીજી મહારાજે વરતાલમાં બાપુજીભાઈની ખડકીએ ઉતારો કર્યો.,0
11,પ્રવેશ,સત્સંગ વાંચન માળા ૧,ભક્તરાજ જીવુબા,6,કોણે લાડુ બારોટને સાંખ્યધર્મ સમજાવી નર્કની કોથળીરૂપ દેહ છે તે ભાન કરાવ્યું?,શ્રીજીમહારાજે,જીવુબાએ,રામાનંદ સ્વામીએ,મુક્તાનંદ સ્વામીએ,જીવુબાએ,42,,1
11,પ્રવેશ,સત્સંગ વાંચન માળા ૧,ભક્તરાજ જીવુબા,6,એભલ ખાચર ક્યાં સહજાનંદ સ્વામીનાં દર્શન કરવા ગયા હતા. ?,કારિયાણી,ગઢપુર,લોજ,સારંગપુર,કારિયાણી,41,,0
11,પ્રવેશ,સત્સંગ વાંચન માળા ૧,સ્વામી નિર્ગુણદાસજી,7,જેઠા ભગતનું દીક્ષા પછીનું નામ .................. હતું.,નિર્ગુણદાસ સ્વામી,મોટા સ્વામી,યજ્ઞપ્રિય સ્વામી,એમાંથી એક પણ નહિ,નિર્ગુણદાસ સ્વામી,46,,0
11,પ્રવેશ,સત્સંગ વાંચન માળા ૧,સ્વામી નિર્ગુણદાસજી,7,જેઠાભગતને ત્યાગીની દીક્ષા કોણે આપી ?,આચાર્ય કુંજવિહારીપ્રસાદ,આચાર્ય વિહારીલાલજી,શાસ્ત્રી યજ્ઞપુરુષદાસજી,એમાંથી એક પણ નહિ,આચાર્ય કુંજવિહારીપ્રસાદ,46,,0
11,પ્રવેશ,સત્સંગ વાંચન માળા ૧,સ્વામી યજ્ઞપ્રિયદાસજી,8,કોને ઘાસના બીડમાં કામ કરતી વખતે સાપ કરડ્યો ?,આશાભાઈને,દેસાઈને,મોતીભાઈને,યોગીજી મહારાજને,દેસાઈને,58,,1
11,પ્રવેશ,નીલકંઠ ચરિત્ર,નીલકંઠની શોધમાં,25,જયરામની.......ઊઠી. જોયું તો નીલકંઠ ................માં ન મળે.,"પત્ની, પથારી","મા, પથારી","મા, ઘરમાં","પત્ની, ઘરમાં","મા, પથારી",43,,1
11,પ્રવેશ,નીલકંઠ ચરિત્ર,નીલકંઠનો પુનઃ મેળાપ,26,જયરામદાસને નીલકંઠ ક્યાં મળ્યા. ?,જગન્નાથપુરીની દિશામાં.,કન્યાકુમારી,રામેશ્વર,જગન્નાથપુરીમાં,જગન્નાથપુરીની દિશામાં.,43,,0
12,પ્રવેશ,નીલકંઠ ચરિત્ર,નીલકંઠ જગન્નાથપુરીમાં,27,જગન્નાથપુરીમાં ક્યા ઉત્સવનો મહિમા અનેરો છે. ?,જન્માષ્ટમી,હોળી-ધૂળેટી,દિવાળી,રથયાત્રા,રથયાત્રા,45,,3
12,પ્રવેશ,નીલકંઠ ચરિત્ર,નીલકંઠ જગન્નાથપુરીમાં,27,કઈ જગ્યાએ બાવાઓએ નીલકંઠને કૂણી ભાજી તોડી લાવવા માટે કહ્યું?,ખાંપા તળાવડી,માનસરોવર,કૃતમાલા સરોવર,ઈંદ્રદ્યુમ્ન સરોવર,ઈંદ્રદ્યુમ્ન સરોવર,45,,3
12,પ્રવેશ,નીલકંઠ ચરિત્ર,માનસપુરમાં અસુરોનો નાશ,28,માનસપુર નગરમાં ................. નીલકંઠને દર્શને આવ્યા.,રાજા મહાદત,રાજા રણજીત,સત્રધર્મા રાજા,રાજા રણવીરસિંહ,"સત્રધર્મા રાજા,",47,,2
12,પ્રવેશ,નીલકંઠ ચરિત્ર,કૃતઘ્ની સેવકરામ,30,નીલકંઠે એક માસ સુધી સેવકરામની ખૂબ સેવા કરી પછીતે સાજા થયો.,ખોટું,સાચું,,,ખોટું,52,નીલકંઠે બે માસ સુધી સેવકરામની ખૂબ સેવા કરી પછી તે સાજા થયો.,0
12,પ્રવેશ,નીલકંઠ ચરિત્ર,ભગવાનદાસને ચિહ્નોનાં દર્શન,31,પ્રભુના જમણા ચરણમાં સાત ચિહ્નો અને ડાબા ચરણમાં નવ ચિહ્નો હોય,ખોટું,સાચું,,,ખોટું,56,પ્રભુના ડાબા ચરણમાં સાત ચિહ્નો અને જમણા ચરણમાં નવ ચિહ્નો હોય.,0
12,પ્રવેશ,કિશોર સત્સંગ પ્રવેશ,પ્રભાશંકર અને દેવરામ,20,.....................ગામના પ્રભાશંકર બાળપણથી ભક્તિમાં મગ્ન રહેતા.,આંકલાવ,મહેળાવ,પીપળાવ,પલાણા,પીપળાવ,57,,2
12,પ્રવેશ,કિશોર સત્સંગ પ્રવેશ,સચ્ચિદાનંદ સ્વામી,21,"કોણ કોને કહે છે? - ""મહારાજની મરજી વગર મારાથી કંઈ ન થાય, મહારાજ કુરાજી થાય.""",ઈન્દ્ર-સચ્ચિદાનંદ સ્વામીને,સચ્ચિદાનંદ સ્વામી-હરિભક્તોને,કેશાભા-શ્રીજીમહારાજને,ઈન્દ્ર - હરિભક્તોને,સચ્ચિદાનંદ સ્વામી-હરિભક્તોને,59,,1
13,પ્રવેશ,કિશોર સત્સંગ પ્રવેશ,સુભાષિત,22,પ્રસંગમજરં પાશમાત્મન: કવયો વિદુ : ।,ખોટું,સાચું,,,સાચું,60,,1
13,પ્રવેશ,કિશોર સત્સંગ પ્રવેશ,જાલમસિંહ બાપુ,23,જાલમસિંહ બાપુના આગ્રહથી મહારાજ .................................... પધાર્યા.,ગઢપુર,તાવી,દેવળિયા,શિયાણી,દેવળિયા,63,,2
13,પ્રવેશ,કિશોર સત્સંગ પ્રવેશ,અક્ષરબ્રહ્મ ગુણાતીતાનંદ સ્વામીની વાતો,24,ગુણાતીતાનંદ સ્વામીએ ...................... ને વણથલી મોકલ્યા.,બ્રહ્માનંદ સ્વામી,રામદાસ સ્વામી,રામાનંદ સ્વામી,બાલમુકુન્દ સ્વામી,રામદાસ સ્વામી,71,,1
13,પ્રવેશ,કિશોર સત્સંગ પ્રવેશ,અક્ષરબ્રહ્મ ગુણાતીતાનંદ સ્વામીની વાતો,24,આપણને કેવો સત્સંગ મળ્યો છે ?,આપણને દુર્લભ સત્સંગ મળ્યો છે.,આપણને ચિંતામણિ તુલ્ય સત્સંગ મળ્યો છે.,આપણને પારસમણિ જેવો સત્સંગ મળ્યો છે.,આપણને મહાવિષ્ણુ યાગ જેવો સત્સંગ મળ્યો છે,આપણને પારસમણિ જેવો સત્સંગ મળ્યો છે.,68,,2
13,પ્રવેશ,શાસ્ત્રીજી મહારાજ,મંદિર અને સત્સંગથી જુદા નથી,29,"કોણ કોને કહે છે? - ""આપ બોલ્યા તે સાક્ષાત ભગતજી મહારાજ બોલ્યા તેમ હું ગણું છું માટે આપની ઈચ્છા પ્રમાણે કરીશ.""",સ્વામીશ્રી - ગોરધનભાઈ કોઠારીને,સ્વામીશ્રી - શ્રીકૃષ્ણજી અદાને,યજ્ઞપુરુષદાસજી - જાગાભક્તને,યજ્ઞપુરુષદાસજી - આચાર્ય મહારાજને,સ્વામીશ્રી - શ્રીકૃષ્ણજી અદાને,52,,1
13,પ્રવેશ,શાસ્ત્રીજી મહારાજ,અજાત શત્રુ,30,વરતાલથી છૂટા પડી સૌ ­પ્રથમ ક્યા ગામમાં આવ્યા?,કરમસદ,બોચાસણ,વિદ્યાનગર,આણંદ,કરમસદ,55,,0
13,પ્રવેશ,શાસ્ત્રીજી મહારાજ,શુદ્ધ ઉપાસનાનાં મંદિરો,31,મંદિર બાંધવાની સ્વામીશ્રીએ......................... ઉપર પોતાની પસંદગી ઉતારી.,ગઢડા,વરતાલ,સાળંગપુર,બોચાસણ,બોચાસણ,56,,3
13,પ્રવેશ,શાસ્ત્રીજી મહારાજ,ગુણાતીતની આણ,33,"મારાં ભક્તને ......................... માં ઉપાધિ આવી છે, તેથી તેમની રક્ષા કરવા જાઉં છું.",ગુજરાત,સૌરાષ્ટ્ર,કાઠિયાવાડ,ભુજ,ગુજરાત,58,,0
14,પ્રવેશ,શાસ્ત્રીજી મહારાજ,બોચાસણમાં પ્રથમ અક્ષરપુરુષોત્તમ મંદિર,34,"કોણ કોને કહે છે? - ""જો બોચાસણના મંદિરમાં કોઈ વિઘ્ન નાખશે તો હું તેની ખબર લઈશ, શૂરવીર હો તો આવજો.""",આશાભાઈ-દ્વેષીઓને,સ્વામીશ્રી-વિરોધીઓને,હીરાભાઈ-વિરોધીઓને,બેચાર કીસા - દ્વેષીઓને,હીરાભાઈ-વિરોધીઓને,61,,2
14,પ્રવેશ,શાસ્ત્રીજી મહારાજ,સ્વામીશ્રીની મહત્તા,38,શાસ્ત્રીજી મહારાજ ની સચોટ નિરૂપણ શક્તિથી ઠાકોર સાહેબ ડોલી ઉઠ્યા.,સાચું.,ખોટું.,,,ખોટું.,68,શાસ્ત્રીજી મહારાજ ની સચોટ નિરૂપણ શક્તિથી દોલતરામ ડોલી ઉઠ્યા.,1
14,પ્રવેશ,સત્સંગ વાંચન માળા ૧,ભક્તરાજ જોબનપગી,5,મહારાજે .................... માં બહુ મોટો યજ્ઞ કર્યો.,જેતલપુર,ડભાણ,વરતાલ,જેતપુર,ડભાણ,33,,1
14,પ્રવેશ,સત્સંગ વાંચન માળા ૧,ભક્તરાજ જોબનપગી,5,મહારાજે વડતાલમાં મંદિરનું ખાત ક્યારે કર્યું ?,સં. ૧૮૭૭,સં. ૧૮૭૮,સં. ૧૮૭૯,સં. ૧૮૮૮,સં. ૧૮૭૮,35,,1
14,પ્રવેશ,સત્સંગ વાંચન માળા ૧,ભક્તરાજ જીવુબા,6,જીવુબાએ કયા સ્વામીને રથમાં બેસાડી ગઢડે પહોંચાડવાની આજ્ઞા કરી?,અખંડાનંદ સ્વામીને,ગુણાતીતાનંદ સ્વામીને,બ્રહ્માનંદ સ્વામીને,નિત્યાનંદ સ્વામીને,અખંડાનંદ સ્વામીને,42,,0
14,પ્રવેશ,સત્સંગ વાંચન માળા ૧,ભક્તરાજ જીવુબા,6,જીવુબાનો જન્મ સંવત ૧૮૪૧માં થયો હતો.,ખોટું,સાચું,,,સાચું,40,,1
14,પ્રવેશ,સત્સંગ વાંચન માળા ૧,સ્વામી યજ્ઞપ્રિયદાસજી,8,યજ્ઞપ્રિયદાસ સ્વામી કયા હુલામણા નામથી ઓળખાતા ?,જ્ઞાનજી સ્વામી,મોટા સ્વામી,સંત સ્વામી,દાજી સ્વામી,મોટા સ્વામી,59,,1
14,પ્રવેશ,સત્સંગ વાંચન માળા ૧,સ્વામી યજ્ઞપ્રિયદાસજી,8,આશાભાઈએ કયા મંદિરમાં અક્ષર-પુરુષોત્તમ દેવની પ્રતિષ્ઠા માટે ખૂબ જહેમત ઉઠાવી ?,વઢવાણ,વરતાલ,સારંગપુર,બોચાસણ,વઢવાણ,54,,0